model,method,ratio,accuracy,params_M,macs_M,nonzero_params_M,sparsity_pct,size_MB,act_mem_MB,cpu_latency_ms,cpu_latency_p90_ms
ResNet18 baseline,none,0.0,92.87,11.173962,557.216778,11.173962,0.0,42.69965648651123,7.064491271972656,17.888617999687995,19.777804800105514
unstructured 20%,unstructured,0.2,92.86,11.173962,557.216778,8.941092,19.999996417167782,42.69965648651123,7.064491271972656,17.888617999687995,19.777804800105514
unstructured 20% +ft,unstructured+ft,0.2,93.03,11.173962,557.216778,8.941092,19.999996417167782,42.69965648651123,7.064491271972656,17.888617999687995,19.777804800105514
structured 20%,structured,0.2,88.12,7.341429,326.547326,7.341429,0.0,28.07020092010498,5.137496948242188,12.44674949975888,13.013938199856057
structured 20% +ft,structured+ft,0.2,92.7,7.341429,326.547326,7.341429,0.0,28.07020092010498,5.137496948242188,12.44674949975888,13.013938199856057
unstructured 30%,unstructured,0.3,92.8,11.173962,557.216778,7.824656,30.00000358283221,42.69965648651123,7.064491271972656,17.888617999687995,19.777804800105514
unstructured 30% +ft,unstructured+ft,0.3,92.8,11.173962,557.216778,7.824656,30.00000358283221,42.69965648651123,7.064491271972656,17.888617999687995,19.777804800105514
structured 30%,structured,0.3,75.39,5.394808,248.052036,5.394808,0.0,20.63996410369873,4.377056121826172,10.702802499963582,11.654945299869723
structured 30% +ft,structured+ft,0.3,92.41,5.394808,248.052036,5.394808,0.0,20.63996410369873,4.377056121826172,10.702802499963582,11.654945299869723
unstructured 40%,unstructured,0.4,92.79,11.173962,557.216778,6.708221,40.00000179141611,42.69965648651123,7.064491271972656,17.888617999687995,19.777804800105514
unstructured 40% +ft,unstructured+ft,0.4,92.55,11.173962,557.216778,6.708221,40.00000179141611,42.69965648651123,7.064491271972656,17.888617999687995,19.777804800105514
structured 40%,structured,0.4,35.86,3.804126,181.359172,3.804126,0.0,14.56818675994873,3.655254364013672,8.614654500433971,9.249475299930054
structured 40% +ft,structured+ft,0.4,92.23,3.804126,181.359172,3.804126,0.0,14.56818675994873,3.655254364013672,8.614654500433971,9.249475299930054
unstructured 50%,unstructured,0.5,92.65,11.173962,557.216778,5.591786,50.0,42.69965648651123,7.064491271972656,17.888617999687995,19.777804800105514
unstructured 50% +ft,unstructured+ft,0.5,92.92,11.173962,557.216778,5.591786,50.0,42.69965648651123,7.064491271972656,17.888617999687995,19.777804800105514
structured 50%,structured,0.5,30.32,2.548292,126.95029,2.548292,0.0,9.77338695526123,3.0383834838867188,6.926901499809901,7.512420800503605
structured 50% +ft,structured+ft,0.5,92.17,2.548292,126.95029,2.548292,0.0,9.77338695526123,3.0383834838867188,6.926901499809901,7.512420800503605
unstructured 60%,unstructured,0.6,92.33,11.173962,557.216778,4.475351,59.99999820858389,42.69965648651123,7.064491271972656,17.888617999687995,19.777804800105514
unstructured 60% +ft,unstructured+ft,0.6,92.88,11.173962,557.216778,4.475351,59.99999820858389,42.69965648651123,7.064491271972656,17.888617999687995,19.777804800105514
structured 60%,structured,0.6,20.62,1.591392,83.998776,1.591392,0.0,6.1192121505737305,2.535053253173828,5.581061000157206,6.0296159999779775
structured 60% +ft,structured+ft,0.6,91.35,1.591392,83.998776,1.591392,0.0,6.1192121505737305,2.535053253173828,5.581061000157206,6.0296159999779775
unstructured 70%,unstructured,0.7,91.89,11.173962,557.216778,3.358916,69.99999641716778,42.69965648651123,7.064491271972656,17.888617999687995,19.777804800105514
unstructured 70% +ft,unstructured+ft,0.7,92.84,11.173962,557.216778,3.358916,69.99999641716778,42.69965648651123,7.064491271972656,17.888617999687995,19.777804800105514
structured 70%,structured,0.7,10.39,0.882003,49.515392,0.882003,0.0,3.4102888107299805,1.9750099182128904,3.834107499642414,4.215361100341397
structured 70% +ft,structured+ft,0.7,89.58,0.882003,49.515392,0.882003,0.0,3.4102888107299805,1.9750099182128904,3.834107499642414,4.215361100341397
